guest_email,has_rewards,room_type,amenities_fee,checkin_date,checkout_date,room_rate,billing_address,credit_card_number
cburns@example.com,False,SUITE,22.39,02 Aug 2020,13 Aug 2020,377.55,"8938 Jessica Path
Monicaport, NM 22064",30158284644887
jordanpamela@example.org,False,SUITE,,25 Nov 2020,16 Dec 2020,271.26,"55345 Chapman Knolls
Davidhaven, AL 18278",4375705762878737
amanda33@example.org,False,SUITE,27.91,19 Jul 2020,07 Jul 2020,97.91,"9869 Benjamin Path Suite 817
East James, VA 52016",180027361090256
kellikirby@example.net,False,SUITE,7.01,28 Sep 2020,21 Oct 2020,301.55,"6157 Collins Course
Lake Janetside, SD 60047",4646760073726565
robertwatson@example.net,False,SUITE,32.62,22 Jul 2020,24 Aug 2020,110.51,"78067 Mark Route
Jacobfort, MI 55667",4526613273846
mendezbenjamin@example.net,False,SUITE,8.53,16 Nov 2020,04 Dec 2020,121.74,"53903 Micheal Stream
Scottview, VT 67426",4296830354635000
odomzachary@example.net,False,SUITE,25.97,28 Feb 2020,21 Mar 2020,209.93,"0281 Hill Prairie
Hayesville, MA 25174",4116615757426182
harold60@example.org,False,SUITE,,27 Jun 2020,28 May 2020,108.33,"9142 Collin Manor
Stevenside, NV 70806",3598598963519926
dannymorris@example.org,False,SUITE,0.0,29 Mar 2020,30 Mar 2020,220.7,"22640 Karen Ramp
Sanchezland, OK 36327",6011173127913902
jsimpson@example.org,False,SUITE,33.06,28 Nov 2020,06 Dec 2020,373.52,"2596 Graham Villages
Aprilview, NY 36961",4386653018364799594
fernandezkathleen@example.com,False,SUITE,13.2,21 May 2020,10 Jul 2020,181.55,"699 Daniels Street
South Joshua, LA 85845",379091516117654
jessicagregory@example.org,False,SUITE,19.28,01 Sep 2020,22 Sep 2020,182.61,"314 Weaver Springs Apt. 589
Tylerchester, NE 04191",180052132661573
michaeljackson@example.net,False,SUITE,16.68,24 Oct 2020,22 Oct 2020,169.69,"673 Ryan Points Apt. 580
Hopkinsmouth, NY 08636",4752651333678
katiemclaughlin@example.com,False,SUITE,,03 Nov 2020,18 Nov 2020,331.41,"42516 Austin Isle Suite 036
Lindseyfort, MI 62283",6011648299192088
anna16@example.org,False,SUITE,25.35,18 May 2020,07 May 2020,344.92,"753 Gregory Locks Suite 385
West Teresamouth, KS 97669",3517342350357402
mariahbarrera@example.net,False,SUITE,9.97,11 Nov 2020,17 Nov 2020,337.5,"0884 Frank Field
Mooretown, IL 12982",3540444735127467
michaelgreen@example.org,False,SUITE,41.55,26 Apr 2020,16 May 2020,242.89,"2819 Brown Run Apt. 931
Villafort, SD 65228",2296890574359835
hayleywheeler@example.net,False,SUITE,18.72,22 Jan 2020,18 Jan 2020,318.94,"00021 Sherman Drives
Nelsonfurt, NE 65272",4580266917954866
denisestewart@example.com,False,SUITE,18.35,04 Feb 2020,26 Jan 2020,234.66,"3767 Carol Cliff Apt. 531
South Davidhaven, VT 67497",581481703493
megan20@example.com,False,SUITE,28.87,09 Apr 2020,19 Apr 2020,306.46,"579 Bianca Circle
Anthonybury, TX 54528",213157883032055
curtis17@example.com,False,SUITE,26.7,01 Jan 2021,02 Jan 2021,209.73,"03434 Felicia Estates
Kaitlynhaven, MT 60913",572209875663
david79@example.org,False,SUITE,0.0,12 Sep 2020,29 Sep 2020,129.93,"9971 Wheeler Street
West Kimberlyton, WA 26945",4854077035745
josephhoward@example.org,False,SUITE,35.3,21 Sep 2020,24 Sep 2020,371.76,"036 Tyler Run
Cookemouth, OH 31235",4675437533649224605
colebrent@example.net,False,SUITE,13.75,05 Feb 2020,01 Feb 2020,175.56,"22996 Angela Crescent
Colemanview, IN 36534",4888402052956999
jason00@example.org,False,SUITE,35.69,17 Jan 2020,15 Jan 2020,346.45,"967 Williams Wells Apt. 536
East Ebonyhaven, UT 01431",6570173726521901
garybeck@example.org,False,SUITE,12.41,28 Aug 2020,10 Jul 2020,211.66,"727 Bates Lane Suite 718
North Kayla, HI 16185",4399201237418459
gbrown@example.net,False,SUITE,12.27,23 Jul 2020,18 Jul 2020,125.19,"16952 Rachael Port Suite 163
Marshallstad, RI 58992",6011959203686754
summer96@example.net,False,SUITE,16.74,02 Jul 2020,23 Jul 2020,356.68,"25229 Bradley Lights
Haynesmouth, AR 88039",36501183431894
april05@example.com,False,SUITE,12.06,20 Sep 2020,06 Sep 2020,290.98,"668 Aaron Via Suite 928
Stoneside, ND 24734",3595727737298045
amiller@example.net,False,SUITE,9.35,20 Jul 2020,18 Jul 2020,191.44,"73170 Sherman Parks
Mcmillanstad, IA 37829",3536853461883992
richard69@example.net,False,SUITE,1.04,11 Mar 2020,23 Mar 2020,328.31,"9997 Kent Port
Mccannport, AK 34979",6011475835031814
schmidtpamela@example.org,False,SUITE,0.0,25 May 2020,10 Jun 2020,121.15,"5709 Amber Shoal
New Meagan, CO 44977",38655333780218
sandragarcia@example.org,False,SUITE,13.22,24 Jul 2020,28 Jun 2020,132.81,"3275 Timothy Gardens
West Ashleyfort, ND 59524",4301470545152038
erin57@example.org,False,SUITE,18.31,20 Aug 2020,09 Aug 2020,304.56,"80986 Robert Islands
Lake Jamie, MA 04277",6564460378291604
aaronwalker@example.org,False,SUITE,22.97,16 Jan 2020,07 Feb 2020,238.22,"7948 Quinn Forks Suite 731
Wintersland, ME 47874",3597229481205092
jodi59@example.com,False,SUITE,23.17,28 May 2020,05 May 2020,235.63,"0629 Alvarez Inlet Apt. 171
Lake Allisonburgh, IA 06593",4239174807602
theresaclayton@example.org,False,SUITE,14.86,26 Aug 2020,06 Sep 2020,217.71,"928 David Square
South Gregory, GA 30931",4374346270353
duffyalexis@example.com,False,SUITE,25.14,12 Apr 2020,27 Mar 2020,118.56,"19620 Mitchell Hollow
Matthewtown, MI 81226",4199534732019485
nicholstimothy@example.org,False,SUITE,42.12,12 Nov 2020,11 Dec 2020,327.4,"380 Kimberly Stravenue Apt. 193
North Johnberg, NH 28845",3501319590761922
huntpamela@example.com,False,SUITE,31.21,13 Jun 2020,21 May 2020,346.98,"5731 Morales Landing Apt. 281
Russellland, VT 55465",4428904011547303
pgordon@example.org,False,SUITE,,26 Nov 2020,31 Oct 2020,295.82,"Unit 5538 Box 2029
DPO AE 29443",213139485061302
elizabeth48@example.org,False,SUITE,32.95,09 Apr 2020,28 Feb 2020,226.81,"0080 Palmer Lights
Haleland, MN 47262",4288175115252541
leahlucas@example.net,False,SUITE,8.21,06 Apr 2020,31 May 2020,323.43,"990 Fernando Prairie Apt. 442
South Lauraborough, ME 24314",3513627456748171
prestonjo@example.org,False,SUITE,16.26,28 Jun 2020,07 May 2020,155.48,"430 Schroeder Course Suite 223
Jeffreyfurt, VT 14768",4223569519362898
adkinsjustin@example.com,False,SUITE,,22 Feb 2020,03 Feb 2020,232.78,"9514 Calvin Mountain Apt. 685
Ericfurt, DE 35581",4793484695573336466
pachecophillip@example.com,False,SUITE,,10 Oct 2020,09 Aug 2020,303.15,"37138 Emily Key Apt. 094
Hawkinschester, DE 69061",4222074529999400
emitchell@example.org,False,SUITE,13.27,16 Apr 2020,07 Apr 2020,243.45,"Unit 6926 Box 3119
DPO AA 58447",30466889809734
fieldsdaniel@example.net,False,SUITE,19.5,17 Mar 2020,06 Apr 2020,221.42,"8818 Jacobs Squares
New Michaelton, FL 47782",30120100928712
veronica62@example.net,False,SUITE,12.11,18 Apr 2020,09 Jun 2020,95.36,"Unit 7672 Box 8294
DPO AE 70460",3543037258535921
phamchristopher@example.net,False,SUITE,16.46,12 Apr 2020,08 May 2020,101.29,"8227 Carly Cove Apt. 632
Lake Stephanieside, CO 66371",3571134683605919
rhaas@example.net,False,SUITE,,09 Nov 2020,25 Oct 2020,240.22,"650 Michelle Freeway
West Margaret, SD 73739",213181044119056
traci65@example.net,False,SUITE,17.89,30 Jul 2020,08 Aug 2020,285.59,"05968 Reed Forges Suite 480
Marymouth, ND 29201",379237200057462
stephanie12@example.net,False,SUITE,32.55,16 Jun 2020,03 Jun 2020,285.61,"353 Catherine Key Apt. 409
South Angelaburgh, VA 18013",3515949369211560
eric58@example.com,False,SUITE,27.88,11 Jan 2020,12 Jan 2020,182.13,"4838 Joseph Pike Apt. 123
South Larry, ND 15136",4855922045201
fernandezdavid@example.org,False,SUITE,14.82,23 Jan 2020,,385.08,"4350 Brianna Burgs Apt. 420
West Richardchester, TX 44200",3580835571068783
vcombs@example.org,False,SUITE,9.18,18 Apr 2020,02 Jun 2020,184.52,"0099 Ernest Cove
New Angelaville, NV 35166",4987223054031684
phillipsmelissa@example.net,False,SUITE,12.96,23 Jul 2020,22 Sep 2020,216.15,"380 Jones Lake Suite 668
West Alexmouth, MD 22178",4731851446134
nicole37@example.net,False,SUITE,12.14,13 Mar 2020,23 Feb 2020,188.7,"7064 Frank Creek Apt. 252
Jessicaberg, KS 57661",3591544318203136
douglaslopez@example.com,False,SUITE,15.2,27 Apr 2020,18 Apr 2020,242.01,"735 Ryan Falls Suite 635
Cynthiashire, NV 91669",30507265784817
stefanie44@example.net,False,SUITE,17.62,06 Nov 2020,04 Nov 2020,218.98,"70367 Harris Mountains Apt. 185
Port Rebeccafort, AK 51389",4752750688659780
robertfoster@example.org,False,SUITE,11.29,21 Jun 2020,20 Aug 2020,105.51,"473 Jackson Spur Suite 548
East Jessica, FL 20892",4310499462010936
ecollins@example.org,False,SUITE,17.07,12 Jan 2020,23 Jan 2020,375.36,"6404 Carl Cliffs Suite 525
Debbieborough, FL 20166",4567001718177608
nathan80@example.org,False,SUITE,17.63,06 Apr 2020,10 Mar 2020,374.94,"533 Burke Estate Suite 236
Steveburgh, DC 15104",180041546857653
rebeccamoore@example.org,False,SUITE,20.72,02 Feb 2020,05 Feb 2020,266.84,"991 Kelly Point
North Elizabethport, RI 03803",4944001123805490
anthony89@example.net,False,SUITE,28.03,31 Aug 2020,26 Aug 2020,181.91,"710 Samantha Corner
South Richardbury, NC 27089",4714509708643670
gainesjody@example.net,False,SUITE,,04 May 2020,08 Jun 2020,270.86,"78223 Summers Crossing Apt. 560
Port Jim, IN 88589",3568685788469100
olopez@example.com,False,SUITE,33.26,10 Oct 2020,22 Oct 2020,168.16,"270 Alvarez Heights
Sarahport, MT 65734",2257810440660676
vgreene@example.org,False,SUITE,23.07,24 May 2020,07 May 2020,177.57,"906 Joseph Track
Brownland, CA 83714",579015798179
duncanjeffery@example.org,False,SUITE,,28 Aug 2020,09 Sep 2020,197.83,"1659 Darren Well Apt. 271
Houstonton, OK 90718",3505439306363577
julie99@example.com,False,SUITE,11.17,21 Jun 2020,24 Jul 2020,112.13,"597 Atkinson Curve Apt. 543
Jadeburgh, MN 02449",3513279918914387
hortontiffany@example.net,False,SUITE,21.2,25 Dec 2020,23 Dec 2020,151.18,"86268 Macias Walk
East Amanda, SD 79810",3537708749002246
tonygriffin@example.org,False,SUITE,25.14,02 Nov 2020,09 Nov 2020,354.72,"53834 Brian Land
Adamtown, MN 53442",213160713244320
theresaphillips@example.com,False,SUITE,2.95,15 Sep 2020,23 Sep 2020,305.25,"75680 Liu Unions Suite 316
Ashleystad, AL 63364",565820837260
mkim@example.net,False,SUITE,11.32,21 Feb 2020,10 Feb 2020,206.99,"06612 Hughes Groves
Ernestbury, HI 90258",2229552094142370
johnfrost@example.net,False,SUITE,34.05,26 Feb 2020,25 Apr 2020,108.55,"USNS Brown
FPO AP 41576",4319674657820
lynchamy@example.net,False,SUITE,8.68,22 Jul 2020,06 Sep 2020,198.07,"69489 Andrea Stravenue Apt. 006
Christopherberg, FL 62477",347029470760944
theresa72@example.org,False,SUITE,22.39,30 Jan 2020,29 Jan 2020,151.29,"9113 Mcfarland Orchard Apt. 145
Sarahmouth, IL 95455",30105057716517
stephenschad@example.com,False,SUITE,36.63,22 Jun 2020,10 May 2020,221.29,"711 Joshua Gateway
Garrettfurt, IA 17061",4751821233800
mendozamary@example.net,False,SUITE,0.0,22 Jun 2020,21 May 2020,168.92,"99559 Chapman Camp
Port Jessica, NM 19044",30114427985224
williamslori@example.org,False,SUITE,21.15,06 Oct 2020,24 Sep 2020,366.76,"65942 Green Throughway Apt. 363
Nicholeland, TN 31704",30528377714526
darren07@example.com,False,SUITE,25.35,24 Nov 2020,09 Nov 2020,224.19,"5566 Thompson Common Apt. 070
Robinsonbury, UT 77554",30356283942019
johnsonkristina@example.org,False,SUITE,20.46,25 Jun 2020,29 Jun 2020,255.7,"85898 Bill Corners Apt. 420
West Jeffreychester, ID 08930",6011394966394851
tammy62@example.com,False,SUITE,3.47,23 Jul 2020,02 Jul 2020,93.36,"PSC 4567, Box 4822
APO AP 76433",4346555907575771
barnesselena@example.org,False,SUITE,26.25,08 Jan 2020,12 Jan 2020,98.87,"9414 Derrick Brook
New Shannon, ID 46478",213175152317908
xlee@example.org,False,SUITE,20.73,24 Jul 2020,08 Jul 2020,334.77,"013 Robert Hollow Apt. 236
Port Theodore, NE 79248",213130969514304
carterjessica@example.net,False,SUITE,20.94,05 Jan 2021,07 Jan 2021,310.08,"USCGC Ross
FPO AP 71813",5473494833332580
christian06@example.com,False,SUITE,9.54,10 Jan 2020,23 Jan 2020,350.14,"0773 Michelle Junction
Toddland, TX 48182",180058481005999
toni01@example.net,False,SUITE,21.36,25 Nov 2020,24 Nov 2020,138.92,"01810 Townsend Parks Suite 633
Lake Kristina, OR 13631",4128997667493684
william12@example.com,False,SUITE,11.27,04 Dec 2020,29 Nov 2020,293.47,"0893 Rodriguez Radial
Joshuaberg, GA 58293",4299894191604
ricardowilliams@example.org,False,SUITE,25.4,01 Sep 2020,14 Aug 2020,192.8,"53086 Joseph Estates Apt. 497
Collinsfurt, CO 87424",343232500067397
margarethorton@example.org,False,SUITE,8.63,12 Aug 2020,16 Sep 2020,227.1,"6338 Kevin Bypass Suite 759
Walkerborough, SD 17289",2233272174616367
kyle44@example.net,False,SUITE,17.15,25 Feb 2020,17 Feb 2020,214.6,"233 Weber Ridges Apt. 491
Savannahtown, MA 16304",4144574108736
jeffrey93@example.com,False,SUITE,13.85,21 May 2020,,144.5,"6888 Gibson Streets
West Christopher, FL 45776",4104785155005450
bhernandez@example.com,False,SUITE,14.39,09 May 2020,08 Jun 2020,228.02,"91889 Morales Flats Suite 043
North Thomashaven, TN 07703",4895659415252373702
testrada@example.net,False,SUITE,19.05,07 Dec 2020,14 Nov 2020,213.82,"41808 Nicole Inlet
Port Anthonyhaven, UT 19846",6518145744690780
moniquesmith@example.net,False,SUITE,19.37,04 Nov 2020,12 Nov 2020,148.3,"63256 Antonio Meadows
New Emilyfort, WV 89181",676130256206
megan87@example.org,False,SUITE,35.73,16 Sep 2020,28 Sep 2020,102.09,"3559 Neal Fords
North Ashley, AZ 03590",4069522399868887
brownjohn@example.com,False,SUITE,31.77,04 Jun 2020,09 May 2020,183.61,"69574 Frank Port Apt. 014
Lake Ericshire, AR 95671",3555158606024510
espinozajenny@example.net,False,SUITE,32.61,12 Nov 2020,17 Nov 2020,225.68,"66390 Floyd Springs
Thomasmouth, AL 66502",4793589754814080930
abaker@example.org,False,SUITE,7.51,04 Aug 2020,08 Jul 2020,203.19,"1848 Katherine Mills Apt. 279
Cobbstad, MS 82038",676202600356
qanderson@example.com,False,SUITE,,29 Dec 2020,21 Dec 2020,195.23,"5651 Denise Wall Suite 086
Victorland, DE 78313",4457889160791626
kaitlyn60@example.org,False,SUITE,20.9,22 Apr 2020,31 Mar 2020,357.2,"49596 Lisa Lane Apt. 693
South Brenda, NE 17392",346119810452269
raymondcontreras@example.org,False,SUITE,20.02,09 Sep 2020,25 Jul 2020,200.37,"485 Joseph Squares
North Bonnie, PA 90876",4241052555975236
kristinconner@example.net,False,SUITE,13.9,05 Nov 2020,25 Nov 2020,148.32,"554 Robert Courts Suite 896
East Christinefurt, ND 46473",676300901268
hannahwilliams@example.net,False,SUITE,16.84,03 Apr 2020,21 Apr 2020,193.72,"1699 Anderson Highway Suite 450
Port Jeffreyhaven, VT 75182",3530456515623491
cooperemily@example.com,False,SUITE,22.08,10 Jan 2020,17 Jan 2020,175.68,"753 James Stravenue
Chaneyport, MA 78704",30020977796616
johnsonjustin@example.net,False,SUITE,12.39,16 Dec 2020,24 Dec 2020,140.38,"35933 Stewart Ridges
Carriebury, DE 46511",3502593389204000
rachelmarsh@example.net,False,SUITE,29.83,09 Apr 2020,19 Apr 2020,237.28,"08341 Gross Hills
Knightville, TN 48878",180056315393979
xskinner@example.com,False,SUITE,,19 May 2020,29 May 2020,108.98,"Unit 6928 Box 4659
DPO AP 78499",4511652472311705
conneremily@example.org,False,SUITE,3.46,28 Nov 2020,14 Dec 2020,377.1,"193 Samuel Crest
Marshmouth, ME 22957",4926321250909538162
teresa02@example.org,False,SUITE,13.43,12 Dec 2020,15 Dec 2020,143.12,"6874 Nguyen Place
West Martinville, OH 39335",4831639415915612
davenportphillip@example.org,False,SUITE,29.14,20 Apr 2020,,328.28,"713 Woodard Ports Suite 493
North Chloe, MA 73092",2237013129817031
jakejuarez@example.net,False,SUITE,3.88,22 Mar 2020,17 Feb 2020,233.05,"30748 Alexander Well Apt. 810
Barbaraside, MN 15066",675911066826
tanya56@example.net,False,SUITE,28.72,04 Feb 2020,14 Feb 2020,204.26,"39282 Sherry Ranch
Port Matthewland, AK 93049",180005843782435
jennifer61@example.net,False,SUITE,13.51,01 Aug 2020,11 Aug 2020,272.59,"596 Williams Locks
Anthonymouth, KS 83126",213108848410621
williammcintosh@example.org,False,SUITE,38.19,27 Oct 2020,26 Sep 2020,121.79,"PSC 7956, Box 0431
APO AP 55929",4749383942960160
richardmills@example.org,False,SUITE,20.97,17 Feb 2020,16 Mar 2020,211.6,"97906 Harper Pine Apt. 993
North Dean, IL 43619",4685058877287
bradley04@example.org,False,SUITE,31.75,08 Jun 2020,05 Aug 2020,258.03,"5098 Rodriguez Club Apt. 755
Scottton, MD 36209",4878366471316063029
jcarson@example.org,False,SUITE,19.25,06 Oct 2020,09 Oct 2020,285.23,"80852 Scott Creek
New Jameshaven, OK 01365",6011271286174702
richardsralph@example.com,False,SUITE,12.51,18 Nov 2020,28 Sep 2020,269.4,"0904 Dickerson Curve
Ericaton, IA 72940",3515635497746300
emily44@example.net,False,SUITE,7.11,05 Sep 2020,22 Oct 2020,317.48,"9654 Smith Mall Suite 575
Danaport, SC 01504",30466218205091
egillespie@example.org,False,SUITE,33.52,26 Mar 2020,20 Mar 2020,233.42,"88269 Nathaniel Green Apt. 397
Elizabethstad, KS 11463",4337783015383
johnsonjamie@example.com,False,SUITE,26.89,12 Feb 2020,13 Feb 2020,157.42,"23696 Davis Stream
Lake Jamesburgh, MO 76359",213153558993382
jamesevans@example.net,False,SUITE,21.24,17 Aug 2020,21 Jul 2020,133.46,"85148 Dunn Parkways
New Shelbymouth, MO 59794",371693045423863
tray@example.org,False,SUITE,29.64,21 Mar 2020,08 Mar 2020,271.28,"4674 Samuel Rue Suite 919
Charlesport, CO 49158",4226333812780695
annaschmidt@example.com,False,SUITE,24.35,16 Apr 2020,03 Mar 2020,187.98,"9673 Christine Trace Suite 812
Randyshire, HI 20045",4572424968226201
hernandezshelia@example.org,False,SUITE,13.21,12 Sep 2020,11 Oct 2020,317.82,"PSC 3902, Box 7901
APO AE 60287",4711401502222
vnolan@example.com,False,SUITE,35.28,05 Oct 2020,08 Oct 2020,100.53,"86005 Oconnor Field
West Suzanne, WY 84673",180071479217534
chrisgreen@example.net,False,SUITE,4.93,02 Feb 2020,10 Feb 2020,139.42,"052 Rachel View Apt. 141
New Kimberly, WY 56086",342766190896004
ejohnson@example.com,False,SUITE,19.15,05 Sep 2020,14 Sep 2020,154.91,"33203 Patrick Courts Suite 193
Port Josephmouth, AR 37642",346585966774872
zturner@example.org,False,SUITE,,12 Sep 2020,24 Aug 2020,90.26,"12323 Rivera Mission
Andersonville, FL 91768",4755349956812716916
anthonypatterson@example.org,False,SUITE,12.93,28 Feb 2020,23 Mar 2020,321.82,"89063 Ramirez Plains Suite 098
New Katherine, WY 86564",213128775315437
michaelbaker@example.com,False,SUITE,27.7,01 Jul 2020,29 May 2020,133.9,"457 Glen Terrace Suite 393
North Robertmouth, OR 39514",3578908942320565
kiaradiaz@example.net,False,SUITE,9.21,20 Feb 2020,02 Mar 2020,350.78,"73868 Luke Manor
Gilmorebury, TX 45348",3599699218508828
christina32@example.org,False,SUITE,15.53,06 Dec 2020,24 Nov 2020,109.37,"45129 Mayo Tunnel Apt. 764
Jamesville, PA 41840",6550311234113670
perry64@example.org,False,SUITE,10.06,30 Jun 2020,22 Aug 2020,128.59,"9755 Johnson Bypass
North Andrea, ME 06210",344611685767344
tylerphillips@example.net,False,SUITE,4.86,10 Apr 2020,02 Jul 2020,266.7,"19672 Flores Overpass Suite 370
Torresshire, CA 26042",4683049287788460
ericajohnson@example.net,False,SUITE,16.95,25 Nov 2020,25 Nov 2020,244.49,"5499 Bradley Divide Apt. 594
New Susan, AK 86342",4341209889025
paigebarajas@example.org,False,SUITE,29.93,20 Jul 2020,23 Aug 2020,281.09,"2556 Daniel Path
Port Michelleside, OR 35043",4553089982486
edwardgood@example.net,False,SUITE,33.65,19 Feb 2020,15 Feb 2020,293.35,"1296 Kimberly Mission Suite 809
Davidstad, UT 69723",3520383166893870
timothy53@example.com,False,SUITE,30.35,26 Mar 2020,26 Mar 2020,313.9,"25819 David Green Apt. 999
Jasonville, NJ 50247",6520982482869895
randallalyssa@example.org,False,SUITE,22.46,14 Jan 2020,23 Jan 2020,167.37,"17495 James Via
North Cheryl, IA 92040",6561098142725698
amy30@example.com,False,SUITE,16.74,06 Jul 2020,02 Jun 2020,228.01,"10379 Kristine Cliff
Christopherfort, AL 43956",6538111115501937
jenniferbrown@example.com,False,SUITE,29.42,09 Apr 2020,19 Feb 2020,264.17,"Unit 1919 Box 8543
DPO AE 57664",4978519400804144847
andrea93@example.org,False,SUITE,17.57,10 Mar 2020,23 Mar 2020,96.99,"916 Burke Islands Apt. 126
Zunigachester, SC 47337",378766772526612
robert65@example.net,False,SUITE,21.61,01 Sep 2020,31 Aug 2020,342.0,"USNV Hampton
FPO AP 85149",38356688409400
james37@example.net,False,SUITE,10.28,22 Aug 2020,17 Jul 2020,322.43,"933 Norris Stream Apt. 889
New Katrinatown, OH 53826",4409159352911211
thomasherring@example.com,False,SUITE,19.99,06 May 2020,12 Jun 2020,208.07,"75019 Smith Points Apt. 633
Darrellhaven, NH 05295",3526140373076259
ryan88@example.net,False,SUITE,27.31,13 Jun 2020,20 Jul 2020,283.49,"31813 Friedman Plaza Suite 797
South Zachary, NY 62627",340561183194893
brittney40@example.net,False,SUITE,37.12,30 Mar 2020,03 Apr 2020,232.74,"481 Daniel Neck
South Robert, MT 19722",4589680536464274
richardbutler@example.com,False,SUITE,14.92,06 Nov 2020,11 Dec 2020,283.73,"134 White Prairie Suite 636
Garyfurt, NC 23867",3527763251064672
patrickbanks@example.net,False,SUITE,11.44,31 Jan 2020,25 Feb 2020,255.75,"2866 Rogers Villages Suite 293
Ericahaven, NY 51785",379380479155763
sarah92@example.net,False,SUITE,25.89,27 Apr 2020,17 May 2020,245.59,"95888 Emily Crest Apt. 884
Thompsonfurt, NC 03288",2677168334447854
kbernard@example.net,False,SUITE,17.67,12 Feb 2020,29 Jan 2020,237.49,"52575 Lawson Isle
South Danny, ID 52029",4326341462385878116
mark48@example.net,False,SUITE,17.28,28 Aug 2020,29 Sep 2020,242.14,"44627 Stacy Forks Apt. 389
Frankstad, NV 74125",30039118593617
mccormickkimberly@example.org,False,SUITE,,03 Dec 2020,07 Dec 2020,301.25,"8735 Jessica Meadow Suite 625
Millershire, VT 57868",3512584462498997
scolon@example.org,False,SUITE,19.26,23 Jan 2020,29 Jan 2020,106.1,"088 Lisa Court
Port Adrian, NY 29337",180035651948687
ebell@example.net,False,SUITE,7.28,08 Mar 2020,27 Feb 2020,198.72,"102 Johnson Turnpike
Donnaville, MT 90681",6011276391394541
mayhenry@example.org,False,SUITE,17.08,15 Jan 2020,15 Jan 2020,158.28,"389 Scott Gateway
Williamsview, KY 02915",6507393048786622
richard04@example.net,False,SUITE,,21 Aug 2020,22 Sep 2020,236.54,"USCGC Griffith
FPO AP 72703",30545570648244
hschwartz@example.com,False,SUITE,22.54,21 Jan 2020,03 Feb 2020,267.97,"071 Chung Brooks
Sarahberg, ND 94874",2230036946683895
brianwise@example.org,False,SUITE,33.12,11 Oct 2020,24 Nov 2020,261.11,"13117 Corey Fords
East Troy, SD 59439",4692739982999
jenniferthomas@example.net,False,SUITE,,31 Mar 2020,08 Mar 2020,301.46,"USCGC Blanchard
FPO AA 26095",3515432170279142
cmoyer@example.net,False,SUITE,11.85,02 Dec 2020,14 Dec 2020,207.94,"0395 Carroll Wall
Montgomerychester, DE 71677",4366320122228655
bvillegas@example.org,False,SUITE,15.5,04 Mar 2020,25 Feb 2020,290.35,"PSC 9347, Box 9100
APO AE 99343",4504835107770234
john74@example.net,False,SUITE,32.58,24 Apr 2020,23 Mar 2020,117.25,"8256 William Rue Apt. 279
Heidimouth, WA 05548",5299691834770096
stewartwhitney@example.net,False,SUITE,7.49,15 Feb 2020,11 Mar 2020,207.49,"285 Seth Union
Lake Johnport, OR 52722",4737590619675
tammy18@example.net,False,SUITE,6.59,26 Jun 2020,15 Jun 2020,229.39,"Unit 9492 Box 0632
DPO AE 69094",4399302172731
olawrence@example.org,False,SUITE,20.62,08 Oct 2020,18 Oct 2020,171.26,"9351 Kristen Manors Suite 780
Elizabethhaven, DC 30995",180059954749931
brad16@example.net,False,SUITE,29.42,13 May 2020,04 May 2020,269.55,"13468 Natalie Haven Apt. 284
Sextonfort, SC 93626",5228903899905111
lellison@example.org,False,SUITE,3.07,31 Jan 2020,16 Feb 2020,314.08,"PSC 0286, Box 1015
APO AP 32772",376365959508352
david69@example.org,False,SUITE,8.68,09 May 2020,21 Apr 2020,187.89,"96683 Erin Mountain Suite 333
Chantown, MA 87662",569217136708
jessicahodge@example.com,False,SUITE,18.99,22 Aug 2020,26 Sep 2020,129.85,"309 Meyer River
Lake Kaitlynshire, CO 81772",4652369236715801139
heatherlamb@example.org,False,SUITE,14.69,24 Aug 2020,20 Jul 2020,257.31,"83068 Yates Crescent Suite 901
West Taylormouth, NV 05560",4596633130933039
guzmangary@example.org,False,SUITE,20.92,04 Apr 2020,18 Apr 2020,288.65,"51125 Angela Fork Apt. 026
Lake Lindsayburgh, IA 01024",2276841697170819
laurafrost@example.com,False,SUITE,26.55,14 Jan 2020,14 Jan 2020,145.56,"79349 Savage Mission Apt. 442
East Robert, RI 12774",4447441422853
weissisabel@example.com,False,SUITE,19.02,19 Dec 2020,10 Dec 2020,342.03,"29106 Jennifer Ferry
New Edward, KY 28369",4273389018390
vmaynard@example.net,False,SUITE,0.0,13 Dec 2020,,203.74,"811 Carol Village
West Charles, MD 96400",3599481215066229
lozanoallison@example.org,False,SUITE,14.69,12 Oct 2020,14 Oct 2020,157.63,"342 John Cove
Port Gary, AR 15915",344742313895395
todd14@example.org,False,SUITE,13.69,04 Dec 2020,22 Nov 2020,149.86,"USS Middleton
FPO AP 94477",3564902810241538
zmorris@example.org,False,SUITE,17.41,05 Nov 2020,26 Oct 2020,260.93,"122 Nielsen Isle Apt. 533
North Brianna, NM 48078",3531108431134330
cherylwalters@example.com,False,SUITE,27.54,22 Jun 2020,22 May 2020,286.76,"28900 Mcintyre Run
North Seanhaven, WY 34632",4172061986885644
jasonbuchanan@example.org,False,SUITE,17.52,04 Aug 2020,29 Jul 2020,274.51,"72442 Miller Ports Suite 533
Matthewfort, ME 51477",501807355562
murraydustin@example.com,False,SUITE,16.21,19 Nov 2020,06 Nov 2020,263.08,"53917 Rodriguez Rue Apt. 719
South Williamberg, KS 01516",4492991929209895
crystal29@example.com,False,SUITE,19.1,30 May 2020,,216.6,"PSC 5480, Box 0405
APO AE 56990",180045506380192
jacob40@example.net,False,SUITE,26.64,19 Feb 2020,09 Mar 2020,109.14,"868 Parks Stream
Smithside, OH 05967",4037377308284802089
kristin26@example.net,False,SUITE,25.87,05 Dec 2020,09 Dec 2020,267.16,"0775 Cardenas Pike Suite 023
Jonesmouth, FL 32323",4018826236542924
joshuamcknight@example.com,False,SUITE,17.45,14 Apr 2020,12 Apr 2020,89.41,"1247 Miller Roads Suite 925
North Michaelton, GA 31899",36703391047476
huertaelizabeth@example.net,False,SUITE,4.49,30 Jul 2020,,120.71,"44102 Ellis Port
New Brian, CO 01752",676102145858
scott85@example.net,False,SUITE,30.27,20 Dec 2020,28 Dec 2020,254.06,"Unit 4776 Box 4334
DPO AE 95185",4668384678985162
christophermeza@example.org,False,SUITE,,30 Jun 2020,13 May 2020,279.03,"1069 Chad Fork Suite 664
Port Kathleen, WY 48612",4521659247856672
wyattjames@example.org,False,SUITE,19.45,24 Nov 2020,01 Dec 2020,358.26,"136 Barnes Road Apt. 406
Amyville, CA 51320",3507486682877207
weisstina@example.com,False,SUITE,18.41,14 May 2020,08 May 2020,140.24,"7632 Lindsey Extensions Suite 468
Littlefurt, CA 39237",630499752560
wesleystevens@example.org,False,SUITE,20.44,31 Jul 2020,04 Sep 2020,132.63,"8804 Emily Hollow Apt. 293
Port Michael, TX 23102",378616502031625
bsoto@example.com,False,SUITE,16.99,10 Jul 2020,15 Aug 2020,127.44,"Unit 0847 Box 0370
DPO AA 16695",30563225609248
rebecca15@example.net,False,SUITE,27.77,08 Feb 2020,02 Feb 2020,369.88,"55067 Derrick View Suite 700
Wagnerhaven, NM 83720",213199218255043
amandaatkinson@example.com,False,SUITE,19.05,30 Mar 2020,18 May 2020,200.96,"265 Sutton Squares
Jeremyberg, GA 52290",30565437897883
kstevenson@example.com,False,SUITE,21.19,07 May 2020,13 Apr 2020,317.61,"27738 Garcia Motorway
Johnsonfort, WA 86175",4909613909106589
rodrigueznicole@example.net,False,SUITE,29.18,14 Jan 2020,14 Jan 2020,172.2,"Unit 4907 Box 2328
DPO AA 61405",30037580965818
thomassamuel@example.net,False,SUITE,0.0,01 Jan 2021,03 Jan 2021,249.18,"7726 Amy Glen Suite 111
New Erin, MN 44524",30027427734857
sowens@example.com,False,SUITE,17.26,20 Mar 2020,24 Mar 2020,92.65,"18565 Catherine Stream Apt. 379
Paulfort, AR 16222",3532839386997110
beckerkristin@example.org,False,SUITE,32.76,19 Jun 2020,09 Jun 2020,351.84,"35022 Mitchell Burgs
South Dannyview, GA 73372",30369391557462
todd71@example.net,False,SUITE,18.32,09 Jun 2020,02 Jul 2020,205.87,"274 Angelica Terrace
Port Kelsey, FL 31491",6011011502763858
wcarter@example.org,False,SUITE,14.58,16 Jun 2020,17 Jun 2020,250.56,"03524 Stanley Village
Heatherton, MS 33560",4178930026369963
gillespieamanda@example.com,False,SUITE,,12 Oct 2020,30 Sep 2020,270.25,"USNS Sexton
FPO AE 00977",213136110924102
smorgan@example.org,False,SUITE,25.47,05 Apr 2020,05 Jun 2020,204.35,"Unit 6103 Box 0102
DPO AP 64046",4280268213373224
daniellecline@example.org,False,SUITE,45.06,19 Jul 2020,21 Jun 2020,267.54,"152 Jacob Square Suite 824
Lake Kirsten, GA 88769",60426371187
andersonjorge@example.org,False,SUITE,13.97,25 Jan 2020,22 Jan 2020,187.1,"040 Christina Extensions
New Jason, NH 27048",4161063501563006
ballarddiane@example.com,False,SUITE,26.97,15 Jun 2020,23 Jul 2020,186.33,"683 Baker Camp Apt. 942
Monroeburgh, WA 08948",4404244551519669475
ljohnson@example.com,False,SUITE,27.87,24 Dec 2020,02 Jan 2021,382.14,"91757 Andrew Circle
Lake Emilymouth, PA 60310",4346957361679387664
andrea33@example.org,False,SUITE,30.15,02 Feb 2020,30 Jan 2020,202.83,"0088 Jones Prairie Suite 737
Lake Juliefurt, MT 73248",180010451073051
jaredmitchell@example.com,False,SUITE,11.63,02 Sep 2020,14 Sep 2020,309.96,"62569 Danielle Keys
West Anthony, MA 07489",4806939145071430016
brittany52@example.com,False,SUITE,,24 Jan 2020,10 Feb 2020,107.25,"8893 Sanders Pine Suite 651
Lake Leslie, NM 86539",4180695449568865
rgaines@example.org,False,SUITE,23.11,14 Jan 2020,22 Jan 2020,225.05,"618 Jason Island Suite 115
Boyleton, MA 66583",4546744021431339
henry20@example.net,False,SUITE,32.72,20 Mar 2020,25 Feb 2020,248.97,"48117 David Cliff Suite 857
South Betty, ND 15793",30545275170411
parkercourtney@example.com,False,SUITE,21.66,27 Dec 2020,23 Dec 2020,361.99,"09917 Justin Extensions Suite 124
Port Todd, MA 95816",3596005666183242
griffinchristopher@example.org,False,SUITE,38.06,20 Jul 2020,27 Jul 2020,334.09,"PSC 5911, Box 6307
APO AP 99798",3505133146468320
fisherjacqueline@example.org,False,SUITE,14.33,24 Jun 2020,,264.3,"72747 Jean Villages Suite 409
Wellsfort, WY 80317",3563015315026964
ayersbetty@example.com,False,SUITE,39.74,10 Jun 2020,05 Jul 2020,413.64,"919 Collins Route
New Maria, NJ 66131",4702730979853319
vwolfe@example.com,False,SUITE,22.31,29 Sep 2020,15 Oct 2020,174.94,"650 Crawford Cliffs
Shafferport, WA 72564",344508316137527
sparksnicole@example.net,False,SUITE,10.06,04 Apr 2020,19 Mar 2020,216.12,"58267 Rasmussen Parkways
Chapmanland, AL 78590",4578814928546
richardturner@example.org,False,SUITE,31.12,09 Apr 2020,29 Mar 2020,234.87,"Unit 4317 Box 1767
DPO AP 91687",4277855657383
richardadkins@example.com,False,SUITE,25.67,23 Apr 2020,06 Apr 2020,283.65,"440 Wilson Pine Suite 306
Port Cody, KY 27197",3522135709343468
ashley82@example.com,False,SUITE,24.02,23 Apr 2020,24 Mar 2020,152.72,"04059 Dominic Cape Apt. 319
Williamtown, SD 04647",5302591354977615
smithwesley@example.net,False,SUITE,15.2,07 Feb 2020,19 Mar 2020,202.21,"474 Cross Lake
West Melissa, UT 24785",180007729052677
mandyduran@example.com,False,SUITE,24.39,27 Aug 2020,01 Sep 2020,202.86,"03079 Laura Locks Suite 176
West Kimberly, WV 33944",4916435398410
sweeneysarah@example.net,False,SUITE,,26 Jan 2020,17 Jan 2020,239.54,"90391 Paul Trail Apt. 360
Brightchester, WY 58500",36692579193683
maria94@example.com,False,SUITE,27.91,20 Sep 2020,04 Oct 2020,304.84,"7533 Allen Curve
Port Dawn, TN 15171",30369562311897
collinsmark@example.org,False,SUITE,22.16,27 Mar 2020,23 Feb 2020,143.71,"Unit 4250 Box 0547
DPO AE 02629",180025939136981
sjones@example.com,False,SUITE,23.54,26 Sep 2020,01 Oct 2020,103.1,"8470 Betty Port Suite 339
Rodneyshire, HI 18808",588246304988
smithanna@example.com,False,SUITE,16.99,23 Apr 2020,11 Jun 2020,220.95,"302 Monique Forks Apt. 500
Port Joditon, VA 35655",501822980824
amandaaustin@example.org,False,SUITE,13.77,20 May 2020,16 Apr 2020,246.79,"472 Chan Cove Suite 046
South Johnport, TX 62829",4814424588858987391
tanyabaldwin@example.com,False,SUITE,35.83,27 Jul 2020,23 Jun 2020,307.77,"6949 Stephen Avenue Suite 902
Melissamouth, NH 79539",2262050027302508
istewart@example.org,False,SUITE,32.58,10 Aug 2020,30 Jul 2020,239.55,"03331 Wallace Highway Apt. 658
South Christina, OH 60957",4071876507701212286
ataylor@example.net,False,SUITE,16.16,07 Feb 2020,20 Jan 2020,161.7,"929 Hall Port
Williamstad, NM 51568",3564737697995917
gabriel44@example.org,False,SUITE,12.08,10 Nov 2020,26 Nov 2020,272.89,"2919 Roberson Summit
Debraville, TN 31365",4799729298610131
ytaylor@example.com,False,SUITE,14.3,21 Apr 2020,,253.75,"965 Hernandez Ramp Suite 244
Grossside, GA 83751",30292514212593
pnewton@example.org,False,SUITE,,28 Aug 2020,30 Sep 2020,276.84,"5731 Phyllis Turnpike Apt. 159
Lake Kimberly, KY 01976",3555803477595862
jenniferguerra@example.net,False,SUITE,13.36,27 Jul 2020,03 Aug 2020,286.3,"4094 Salazar Island
Jamiehaven, DE 64124",30361406636928
michaelwinters@example.net,False,SUITE,9.53,16 Apr 2020,07 Apr 2020,234.91,"03690 Watkins Plain
Doyleview, MA 56931",213182388462078
stevenskatrina@example.org,False,SUITE,18.06,18 Sep 2020,06 Oct 2020,315.34,"175 Janet Stream
Walterville, NC 75513",3577767562914540
urusso@example.org,False,SUITE,,31 Dec 2020,28 Dec 2020,335.92,"1441 Mark Stream Suite 794
New Sherritown, ID 95272",30321893592182
twagner@example.com,False,SUITE,4.16,18 May 2020,08 Apr 2020,268.55,"061 Lozano Rue
Annefort, KY 49987",3528134448129993
ksosa@example.com,False,SUITE,0.0,03 Jun 2020,,281.35,"04398 Sean Lock Suite 898
Ellisonfort, NE 56316",4125879734115131
douglas28@example.org,False,SUITE,15.98,02 Jan 2021,04 Jan 2021,180.23,"07067 Philip Roads
South Karenside, GA 52575",6011622659340264
caroltaylor@example.net,False,SUITE,0.0,20 Nov 2020,05 Dec 2020,121.44,"983 Sullivan Rue Apt. 781
Welchstad, NE 90779",372547310311162
kimberlywest@example.org,False,SUITE,21.12,07 Dec 2020,12 Dec 2020,176.93,"Unit 7754 Box 6320
DPO AE 04626",4460191445313
jacksonyvonne@example.com,False,SUITE,10.38,04 Apr 2020,31 Mar 2020,84.25,"94888 Deleon Expressway
Crossburgh, NC 03095",3551634032263116
tracy96@example.net,False,SUITE,29.93,01 Apr 2020,20 Mar 2020,260.18,"91226 Rachel Brooks Apt. 650
West Barbaraberg, KY 43125",213160585009256
navarrokelly@example.net,False,SUITE,32.88,17 Jan 2020,13 Jan 2020,330.1,"9176 White Gardens
New Ericaside, AR 23561",4138591281036780547
brentturner@example.net,True,SUITE,,30 Sep 2020,24 Sep 2020,143.82,"041 Eric Turnpike Suite 118
West Hunterchester, GA 02857",503870464107
thomas70@example.com,True,SUITE,2.8,27 Apr 2020,27 Jun 2020,120.51,"524 Carpenter Plains
Huynhton, ID 92137",3522261439812455
shawbrandon@example.com,True,SUITE,4.9,08 Sep 2020,17 Jul 2020,119.89,"4064 Ramirez Locks Apt. 443
South Kendra, ND 07752",4126967195048658
lawrencemonica@example.com,True,SUITE,9.97,07 Sep 2020,03 Oct 2020,350.41,"35284 Julie Mount
South Katherinetown, CO 99348",4814815117816307901
leebruce@example.com,True,SUITE,10.32,22 Jul 2020,09 Jul 2020,254.9,"9245 Laura Points Apt. 268
Faulknerland, NM 70305",5256247081806306
ffreeman@example.org,True,SUITE,14.71,24 Jul 2020,07 Aug 2020,211.87,"1751 Audrey Divide Suite 570
Molinaland, GA 99825",3531097491429070
gwilliams@example.net,True,SUITE,11.16,02 Feb 2020,18 Jan 2020,221.81,"9834 Jackson Parkway Apt. 440
Isaacstad, VT 64483",213169309609606
katie70@example.net,True,SUITE,8.16,27 Jan 2020,19 Jan 2020,224.16,"9095 Harrington Vista
Gloverport, RI 97890",4396914341090955
hmedina@example.org,True,SUITE,23.65,15 Jun 2020,20 Jul 2020,93.7,"443 Allen Wells
Aliciaville, AR 54673",38527081272419
olsoneric@example.com,True,SUITE,8.73,19 Aug 2020,07 Sep 2020,198.76,"287 Morales Prairie Suite 554
West Derek, VA 82280",639007288900
hallrichard@example.com,True,SUITE,6.9,05 Jan 2021,07 Jan 2021,101.59,"5299 Kelley Squares Suite 174
Marcusview, MS 70575",213172705847572
marco15@example.org,True,SUITE,3.35,16 May 2020,27 Apr 2020,149.96,"5917 Decker Land Apt. 098
Fisherfurt, ND 62544",213103399758544
hnguyen@example.com,True,SUITE,2.79,13 May 2020,26 Mar 2020,159.77,"Unit 0458 Box 1039
DPO AP 23413",180044286221981
kimberly88@example.net,True,SUITE,21.73,21 Mar 2020,24 Feb 2020,92.23,"72523 Hernandez Canyon
North Tonyaport, CA 69788",3545322687540793
snicholson@example.com,True,SUITE,8.19,09 Aug 2020,28 Aug 2020,133.5,"1009 Michael Station
East Rebecca, IL 60507",3528798796048573
zsimpson@example.net,True,SUITE,0.68,20 Nov 2020,01 Nov 2020,277.0,"USNV Simpson
FPO AP 55308",213188197279009
jennifervaughn@example.net,True,SUITE,35.96,09 Jan 2020,17 Jan 2020,132.14,"203 Clark Overpass Apt. 692
Donnaview, IL 02892",3578194635357889
susan51@example.net,True,SUITE,12.69,29 Mar 2020,08 Apr 2020,223.8,"861 Mcdowell Branch
New Emily, GA 19873",2259717413787139
jordan35@example.org,True,SUITE,,24 Sep 2020,04 Nov 2020,220.45,"84359 James Mountains
Andersonton, CT 02499",4495659975339795689
joshua22@example.net,True,SUITE,15.55,10 May 2020,01 Jun 2020,267.97,"134 Amy Mount
Lake Amanda, IL 21778",6513481942669622
paulruiz@example.com,True,SUITE,,16 Oct 2020,04 Oct 2020,86.32,"USS Massey
FPO AE 96597",3576339890955263
stewartcorey@example.org,True,SUITE,20.94,27 Jul 2020,26 Aug 2020,300.84,"186 Samantha Keys Suite 307
South Corymouth, CT 04462",630412353850
jeffreybennett@example.com,True,SUITE,0.0,25 Oct 2020,08 Oct 2020,267.08,"Unit 7160 Box 2510
DPO AE 70698",6011467515015043
clarkmaurice@example.com,True,SUITE,2.63,11 Oct 2020,19 Oct 2020,206.73,"145 Jesse Summit
Monicaburgh, MD 13418",6011592488146523
hcain@example.net,True,SUITE,14.13,04 May 2020,13 May 2020,136.45,"PSC 2616, Box 4823
APO AA 56481",30464992556060
lori41@example.org,True,SUITE,18.42,04 Dec 2020,16 Dec 2020,133.34,"0831 Kimberly Gardens Suite 622
East Jason, DC 39130",4379628838845249
elainechristensen@example.net,True,SUITE,14.77,08 Oct 2020,02 Oct 2020,194.9,"49850 Lane Well Apt. 843
Shelbyberg, NH 26950",6011967794249973
ericawilson@example.org,True,SUITE,,09 Feb 2020,01 Feb 2020,132.43,"361 Ruiz Lodge Apt. 945
Morrowport, NC 04600",375138570348552
drodgers@example.org,True,SUITE,14.34,11 Mar 2020,10 Mar 2020,251.19,"0473 Ronald Well
New Michellefort, WV 18265",4886371983176294
dakota60@example.org,True,SUITE,13.09,30 Nov 2020,24 Nov 2020,326.13,"764 Burke Glen
Sandovalland, NE 30568",4746305473851099
garciavictor@example.org,True,SUITE,9.78,16 Dec 2020,12 Dec 2020,125.17,"0976 Kathleen Lights Apt. 474
Wattsmouth, NY 62474",4878991142808
erikmiller@example.net,True,SUITE,13.2,21 May 2020,15 Jul 2020,125.04,"USS Willis
FPO AP 49749",501825123646
diana32@example.com,True,SUITE,18.21,26 Sep 2020,05 Sep 2020,217.47,"961 Brown Stream
North Matthewland, MT 34221",4120932997925731
matthew82@example.net,True,SUITE,3.24,05 Mar 2020,30 Mar 2020,202.66,"20838 Nicole Dale Suite 205
Sabrinaville, WY 56853",60442781369
debragarza@example.com,True,SUITE,12.12,12 Aug 2020,,126.13,"33366 Brooke Prairie Apt. 831
Johnsonshire, UT 96432",4664282390938911222
fholt@example.net,True,SUITE,19.91,10 Apr 2020,06 Mar 2020,149.8,"Unit 4195 Box 6637
DPO AP 91841",676290905303
marquezcassandra@example.net,True,SUITE,5.61,29 Feb 2020,22 Feb 2020,120.04,"9021 Mitchell Forges Suite 288
North Victoriaberg, MS 69177",3510624673624130
jennifer87@example.com,True,SUITE,6.45,31 Oct 2020,25 Sep 2020,99.9,"78552 Patricia Wall Apt. 513
Ramosburgh, MA 75365",4363532931640068053
baldwindaniel@example.net,True,SUITE,10.83,11 May 2020,30 Apr 2020,125.03,"819 Jacob Circles
Turnerhaven, NY 64230",213167868372483
karencarter@example.org,True,SUITE,33.85,21 Feb 2020,11 Feb 2020,155.57,"187 Tiffany Isle Suite 182
East Thomas, FL 46838",372553148435892
alewis@example.com,True,SUITE,0.93,04 Nov 2020,26 Nov 2020,226.39,"24608 Herrera Passage Suite 844
Hortonmouth, MO 92230",30543472532194
nicholasjordan@example.net,True,SUITE,6.27,23 Dec 2020,04 Jan 2021,212.01,"393 Norton Plain Suite 688
Danieltown, MT 25796",4010189962101629730
brownmichael@example.org,True,SUITE,17.68,17 Mar 2020,15 Mar 2020,152.41,"3263 Michele Rapid Apt. 885
Lake Katherine, RI 25995",580460705198
floydjohn@example.com,True,SUITE,,29 Oct 2020,12 Oct 2020,217.98,"114 Wood Ports Suite 755
West Pamstad, NC 03792",344324849569701
barbertracy@example.org,True,SUITE,3.22,27 Jun 2020,19 May 2020,97.42,"44894 Buck Ranch Suite 273
Gravesmouth, NJ 67524",347922960572094
gpineda@example.com,True,SUITE,21.4,10 Dec 2020,21 Nov 2020,190.9,"6935 Evelyn Shores Apt. 277
Lorrainefurt, NJ 19712",567301374771
masseycatherine@example.com,True,SUITE,8.89,24 Jun 2020,30 Jul 2020,226.84,"314 Wiggins Manor Apt. 993
East Jessicamouth, WY 36263",6528093526705715
kevinberger@example.net,True,SUITE,27.18,26 Sep 2020,15 Sep 2020,328.12,"6600 Olsen Overpass Suite 912
Mayerstad, IA 14643",4598179177771342862
connoralexander@example.net,True,SUITE,8.9,08 Apr 2020,11 May 2020,374.06,"USCGC Jones
FPO AA 60148",585890930076
garmstrong@example.org,True,SUITE,10.74,15 Feb 2020,20 Feb 2020,257.19,"8547 Meyers Meadow Apt. 590
New Emilyport, VA 72931",4211193546368473
tamara72@example.com,True,SUITE,,28 Oct 2020,27 Sep 2020,259.08,"11006 Peter Manors Apt. 135
Port Christophermouth, NM 07225",3596980011331607
dtanner@example.org,True,SUITE,0.06,23 Aug 2020,,147.81,"9466 Robert Islands Suite 025
East Nicholas, WA 06656",676115932888
justin49@example.net,True,SUITE,1.27,23 Oct 2020,07 Nov 2020,148.63,"45799 Jones Extensions Apt. 234
West Davidside, MD 67262",4389882982856
eric57@example.org,True,SUITE,32.08,16 Sep 2020,17 Aug 2020,245.0,"09110 Cole Shore Suite 406
Palmershire, CO 68433",4484332401270227326
chenchristy@example.org,True,SUITE,15.11,17 Apr 2020,01 Jun 2020,84.41,"3960 Melissa Fall
Allisonland, KS 41286",2710420221983882
patriciajordan@example.org,True,SUITE,16.83,27 Mar 2020,10 Mar 2020,147.16,"8587 Frank Fort
Nicholasfort, MI 03964",676201804959
greermark@example.com,True,SUITE,5.1,02 Apr 2020,02 Apr 2020,118.59,"74856 Tyler Lights
Montgomerymouth, WA 44876",503823944791
brownashley@example.org,True,SUITE,9.18,19 Aug 2020,08 Aug 2020,207.06,"52489 Marquez Mills
Jennifershire, GA 12977",4572661647529121
khenry@example.com,True,SUITE,9.22,15 Dec 2020,29 Nov 2020,195.51,"PSC 8465, Box 8660
APO AA 79744",4637853151512428
morenokaren@example.net,True,SUITE,9.85,13 Apr 2020,18 Apr 2020,138.49,"0756 Timothy Keys
Lake Jennifer, NY 21310",30175591917327
martinjackson@example.com,True,SUITE,8.53,06 Jun 2020,05 Aug 2020,92.64,"0066 Russell Via
North Jasonside, NM 20192",4418054841959609
vgibson@example.org,True,SUITE,18.46,24 Feb 2020,04 Feb 2020,275.59,"6956 David Street Apt. 054
Sanfordmouth, OH 05516",4855377309920
james33@example.net,True,SUITE,6.18,15 Oct 2020,12 Sep 2020,113.53,"75210 Smith Village
Hollandhaven, TX 73971",30298893227557
timothysmith@example.net,True,SUITE,,13 Feb 2020,02 Mar 2020,309.96,"201 Lawson Prairie
Port Lauriefort, PA 50875",213199124557094
leonardbooker@example.net,True,SUITE,15.88,03 Apr 2020,,87.05,"USNS Rhodes
FPO AP 46987",4910501232031136
robert52@example.com,True,SUITE,18.91,05 Nov 2020,20 Oct 2020,168.65,"4051 Robert Field
North Christina, MD 94572",3562629553601956
ohoover@example.net,True,SUITE,6.88,21 Jan 2020,12 Jan 2020,205.47,"783 Kimberly Falls Suite 949
Lake Diane, VT 65437",6011604588425184
kathrynhenry@example.com,True,SUITE,,06 Dec 2020,22 Dec 2020,142.68,"Unit 2905 Box 8144
DPO AE 57178",180070789334815
kmorales@example.org,True,SUITE,19.64,09 Mar 2020,10 Mar 2020,303.52,"2749 Gregory Islands Suite 271
West Carlyshire, ID 98948",4578025792910433
karajohnson@example.org,True,SUITE,13.66,15 Jun 2020,02 Aug 2020,316.63,"Unit 5501 Box 7947
DPO AE 17984",347974461985721
sawyercalvin@example.net,True,SUITE,3.27,18 Nov 2020,16 Nov 2020,264.32,"0234 Chris Village Suite 901
Lisahaven, OH 20099",4616153863765629
nathanbradley@example.com,True,SUITE,9.82,20 Jul 2020,07 Aug 2020,193.56,"6080 Kathryn Cliff
East Laurieview, KS 82465",3580440235701679
nancy37@example.com,True,SUITE,24.04,21 Aug 2020,31 Aug 2020,131.44,"337 Mooney Port Suite 322
North Annport, IL 65200",2270181199794188
csmith@example.org,True,SUITE,18.85,08 Apr 2020,04 Mar 2020,311.6,"959 Mark Camp
Port Sarafurt, WV 37539",213102268894083
mark04@example.com,True,SUITE,25.82,26 Mar 2020,16 Mar 2020,146.97,"8893 Jennifer Grove
Laurahaven, TX 77037",6011552611659313
michael36@example.net,True,SUITE,13.7,23 Apr 2020,10 Apr 2020,104.44,"99728 Paul Neck Apt. 240
Cortezhaven, WY 83302",4904981972075444
petersonbrad@example.org,True,SUITE,18.86,26 May 2020,25 Jun 2020,272.74,"0209 Michael Lights
West Bradleychester, CO 78953",3556843158750435
mary97@example.com,True,SUITE,14.47,25 Mar 2020,14 Mar 2020,114.55,"961 Guerra Spring Suite 423
Patriciabury, OK 29081",347757218759733
yolandasnyder@example.com,True,SUITE,15.89,05 May 2020,26 Apr 2020,143.49,"3576 West Spring Apt. 170
Shaunbury, AL 66807",213145158700753
sally57@example.com,True,SUITE,15.62,28 May 2020,14 Jun 2020,92.12,"7405 Davis Greens Suite 142
Lake Franklinstad, CT 56264",3563763044323489
kathleenarcher@example.com,True,SUITE,12.28,14 Dec 2020,09 Dec 2020,179.07,"3784 Ballard Hollow Suite 618
North Rachelside, VA 79580",4509492233496303
ymartin@example.org,True,SUITE,14.56,16 Jul 2020,18 Aug 2020,139.09,"02224 Bryan Skyway Apt. 941
Williammouth, NY 38827",6555421491072876
galvansara@example.org,True,SUITE,22.93,15 Apr 2020,19 Mar 2020,319.4,"032 Moreno Way Apt. 834
East Patriciafurt, VT 37099",6565050980365505
meghancole@example.com,True,SUITE,24.92,18 Apr 2020,12 Feb 2020,338.22,"8596 Smith Corners
South Christopher, WY 44635",6546821752988706
annettejohnson@example.org,True,SUITE,4.62,05 Aug 2020,08 Jul 2020,165.16,"USNS Brown
FPO AP 94870",4308865139834714
jessica38@example.com,True,SUITE,9.18,09 Sep 2020,10 Aug 2020,175.28,"60011 Allen Forge
Port Rachel, IN 22026",30566046178632
robert05@example.com,True,SUITE,0.0,19 Mar 2020,21 Apr 2020,177.12,"371 Walker Row
Camachochester, FL 21810",2716558493925471
caitlin95@example.com,True,SUITE,16.08,17 Feb 2020,,119.28,"58449 Hopkins Lights
West Daniellechester, RI 93381",213137818804844
larry34@example.com,True,SUITE,8.53,08 Dec 2020,11 Dec 2020,134.27,"87265 Golden Court Suite 295
Amandaton, HI 85887",4746826061028931
jensenzachary@example.org,True,SUITE,13.13,11 Mar 2020,24 Mar 2020,281.7,"50127 Walker Mountains
Edwardchester, ND 81402",3518212385629811
hrogers@example.org,True,SUITE,,19 Apr 2020,,134.5,"PSC 3161, Box 3088
APO AP 20944",213164667042334
gutierrezrobert@example.org,True,SUITE,21.34,24 Aug 2020,31 Jul 2020,240.45,"04245 Jackson Prairie
Port Debra, NM 93122",4462936326675
xmartin@example.net,True,SUITE,7.12,26 Jul 2020,08 Sep 2020,94.16,"4552 Williams Summit
Barkerland, VT 17373",4663453797193206970
qnguyen@example.net,True,SUITE,20.79,24 Apr 2020,26 Feb 2020,320.78,"631 Megan Causeway Suite 544
Kathleenbury, VA 28307",4727402263671
davismiguel@example.net,True,SUITE,20.83,27 Apr 2020,02 Jun 2020,107.54,"798 Joseph Circles Apt. 572
Port Kimberlyside, PA 53449",6594254506591355
katie48@example.net,True,SUITE,19.23,06 Oct 2020,21 Oct 2020,295.88,"425 Gilbert Locks Suite 620
Daybury, MO 46832",4017619301773
thomaswilliams@example.org,True,SUITE,14.53,09 Aug 2020,20 Jul 2020,104.18,"1658 Williams Mountain Suite 115
Toddchester, NV 83167",343812302380799
vanessaramsey@example.org,True,SUITE,18.93,17 Aug 2020,14 Aug 2020,329.3,"211 Lisa Square Suite 760
Leeburgh, AL 31489",4020639829180717618
tnelson@example.org,True,SUITE,8.34,27 Mar 2020,30 Mar 2020,101.35,"322 Heidi Pike
Parkborough, NC 69771",3514280684490049
christian99@example.com,True,SUITE,,24 Sep 2020,23 Aug 2020,212.54,"891 Long Freeway
North Hannah, WA 47603",4635866180770
angelwright@example.com,True,SUITE,10.86,02 Jun 2020,09 Jul 2020,109.05,"497 Timothy Trace Apt. 855
West Tanyaborough, NE 82226",180081364796765
bianca82@example.net,True,SUITE,10.24,21 Mar 2020,19 Feb 2020,265.66,"925 Smith Neck
South Kelliside, CT 10012",4611225069456636
lisa34@example.net,True,SUITE,21.3,21 Jun 2020,03 Jun 2020,167.69,"986 Tammy Parkways
Butlerborough, MO 27025",30384568658092
madison07@example.com,True,SUITE,12.87,21 Feb 2020,13 Feb 2020,246.22,"80095 Mata Mall Apt. 881
Chadland, PA 60377",3545604555706535
jimmy41@example.com,True,SUITE,13.96,22 Apr 2020,13 Apr 2020,181.32,"168 Melissa Key Suite 792
Kristinborough, FL 22681",4765833760128451099
bruce84@example.net,True,SUITE,19.89,18 Jun 2020,17 Jul 2020,144.25,"850 Aaron Club Suite 397
Gardnerland, WI 96203",4986744203155
laurapowell@example.org,True,SUITE,14.7,31 Oct 2020,08 Oct 2020,334.71,"5578 Griffin Loop Apt. 122
Fullerchester, AR 68092",3589596846433795
blackshaun@example.net,True,SUITE,29.92,26 Oct 2020,04 Oct 2020,153.56,"1549 Emily Lights Apt. 933
North Teresashire, KY 64775",4255386096946931
petercisneros@example.org,True,SUITE,0.23,20 Jun 2020,24 Jul 2020,157.92,"61786 Christopher Views Suite 818
Lake Jacob, FL 57840",639066891586
shannonjuarez@example.org,True,SUITE,16.07,17 Dec 2020,26 Dec 2020,209.87,"92773 Graham Squares Suite 583
Kaylaport, MT 21131",2657898035047173
pyates@example.net,True,SUITE,5.55,14 Dec 2020,13 Dec 2020,238.0,"USCGC Sharp
FPO AP 51475",3502511475573989
guerrajoseph@example.com,True,SUITE,,09 Sep 2020,08 Sep 2020,112.52,"415 King Isle Suite 595
East Amy, NH 11117",213197607004840
wharmon@example.net,True,SUITE,1.45,26 Dec 2020,02 Jan 2021,92.5,"Unit 4467 Box 0976
DPO AA 93682",213154715145619
matthewmiller@example.net,True,SUITE,22.01,17 Oct 2020,30 Sep 2020,307.58,"419 Karen Islands Apt. 969
Richardsland, MT 37079",3572729848388563
tyler51@example.com,True,SUITE,,30 Dec 2020,03 Jan 2021,132.85,"884 Avery Knoll
New Christinashire, SD 52055",3518607403962542
ismith@example.org,True,SUITE,16.62,04 Aug 2020,25 Jun 2020,271.8,"727 Garrett Court Apt. 922
Brooksbury, HI 94948",342505835121612
stephaniesellers@example.net,True,SUITE,19.16,06 Sep 2020,,208.13,"057 Wilkerson Mill
Daniellemouth, WY 36965",342498505188774
tracimartinez@example.org,True,SUITE,13.75,02 Sep 2020,12 Jul 2020,166.6,"94685 Hudson Canyon Suite 304
Port Chaseland, WI 84305",2280732066708954
nancy31@example.com,True,SUITE,6.28,19 Jun 2020,24 Aug 2020,117.58,"05979 Richard Route
Port Amberland, WV 64947",30150773902082
nancy32@example.com,True,SUITE,29.59,18 Nov 2020,06 Nov 2020,165.76,"666 Livingston Roads Apt. 868
Mooreview, WA 79588",6538304870721606
emoon@example.org,True,SUITE,30.61,10 Oct 2020,02 Oct 2020,129.97,"347 Garner Island Apt. 991
Walkerside, NY 15002",3536779321441616
aparks@example.com,True,SUITE,17.04,11 Jun 2020,02 Jun 2020,218.65,"3080 Heather Spurs Suite 217
North Jessicahaven, ND 29218",180068110502373
shannonparker@example.com,True,SUITE,,20 Mar 2020,30 Mar 2020,125.15,"PSC 2014, Box 1452
APO AP 62296",4928960424735
fpeters@example.com,True,SUITE,13.58,15 Nov 2020,23 Oct 2020,237.27,"10958 Velasquez Parkways
Floydtown, MA 73560",3561003676289274
bookersteven@example.org,True,SUITE,2.72,05 Sep 2020,19 Sep 2020,165.65,"230 Vazquez Villages Apt. 451
Taylorton, NH 28054",30485492124489
amyjones@example.org,True,SUITE,10.16,25 Dec 2020,23 Dec 2020,301.49,"64563 Johnson Glen
Lake Karenland, HI 20750",4802345841162380758
hillkevin@example.org,True,SUITE,5.48,19 Dec 2020,25 Dec 2020,199.32,"189 Miller Springs Apt. 765
Lake Brittany, OH 96695",2714997685486714
boyledavid@example.org,True,SUITE,25.91,28 Jul 2020,16 Jun 2020,210.01,"054 Mary Unions
Scotthaven, MT 28535",5309271117126056
victor50@example.com,True,SUITE,32.96,27 Mar 2020,15 Feb 2020,314.79,"0043 Sarah Junctions Apt. 094
New Calebside, DE 63506",6011178561407386
uhall@example.com,True,SUITE,9.61,04 Sep 2020,13 Sep 2020,102.21,"0175 Anne Stravenue Apt. 371
Elizabethland, MO 93363",30088890306417
pbrown@example.net,True,SUITE,19.7,14 Nov 2020,01 Oct 2020,168.19,"0596 James Spring
Port Elizabeth, NJ 13509",4474082594556963698
hebertandre@example.com,True,SUITE,,29 Feb 2020,26 Feb 2020,191.39,"2784 Stephanie Lights
Catherineton, WA 75771",4316868369301677
fpotts@example.org,True,SUITE,20.41,23 Jan 2020,26 Jan 2020,112.18,"92279 Michael Turnpike
Rickeytown, GA 35284",30060556007878
dlee@example.org,True,SUITE,20.0,08 Sep 2020,06 Sep 2020,361.2,"79162 Schwartz Mountain
West Michael, WY 86757",3536685307501408
michelle77@example.org,True,SUITE,,16 Feb 2020,02 Mar 2020,203.78,"PSC 7714, Box 8160
APO AA 86323",3528417447558944
suelewis@example.org,True,SUITE,8.48,14 May 2020,28 May 2020,148.47,"54885 Gray Fort
Jimenezville, LA 05423",4394388496933461
johnsonmichelle@example.org,True,SUITE,10.67,20 Jan 2020,01 Feb 2020,216.23,"9595 Ellen Key Suite 703
Tracyville, WI 97300",4019760437174
birdsamantha@example.org,True,SUITE,21.76,29 Sep 2020,20 Sep 2020,218.59,"3249 Richard Mountain Suite 292
Sabrinafort, OR 23857",676124810505
anthonymills@example.net,True,SUITE,6.46,03 Jan 2021,06 Jan 2021,173.12,"9468 Rodriguez Overpass Apt. 528
New Benjaminberg, TN 28181",4844282049739028
tami70@example.org,True,SUITE,13.94,16 Dec 2020,23 Dec 2020,173.65,"Unit 8140 Box 0191
DPO AE 04258",4840438410612327
shawn28@example.com,True,SUITE,5.91,25 Mar 2020,24 Feb 2020,237.97,"221 Martin Pike
South Jose, AR 75837",370003581714884
josephhudson@example.net,True,SUITE,29.03,26 Oct 2020,17 Nov 2020,187.69,"Unit 1854 Box 0007
DPO AA 51832",4763829650482640
philip46@example.com,True,SUITE,30.01,29 Nov 2020,01 Dec 2020,162.25,"636 Brian Divide
Port Timothyborough, KS 63213",3502572452530871
mavila@example.net,True,SUITE,6.92,09 Aug 2020,31 Jul 2020,216.58,"60196 Anthony Plains
Matthewsview, SC 80935",3511834098020892
kyle89@example.com,True,SUITE,11.65,13 Jun 2020,25 Jul 2020,306.9,"3228 Eric Via Apt. 561
Jenniferchester, DE 54043",4083860445309544
vgrant@example.net,True,SUITE,29.56,28 Mar 2020,,156.88,"420 Mary Camp Apt. 034
New Tammy, TN 02889",30221583550021
nataliewatson@example.com,True,SUITE,20.99,03 Dec 2020,01 Dec 2020,304.64,"737 Joseph Roads Suite 385
Carlaborough, CA 76348",503848461656
charleshobbs@example.org,True,SUITE,9.29,13 May 2020,27 May 2020,102.89,"8467 Anthony Hollow
Christopherfurt, MT 61847",4813272801902119
vincent42@example.net,True,SUITE,18.55,16 Nov 2020,28 Oct 2020,329.06,"3830 Manuel Station
West Shaneland, LA 11187",3598275629162900
cblankenship@example.org,True,SUITE,12.45,31 Mar 2020,16 Mar 2020,142.16,"57770 Daniel Stravenue
East Faith, MI 15993",6534107362998481
williamsoneric@example.org,True,SUITE,,16 Jun 2020,10 Jul 2020,84.78,"78333 Roth Path
Jonathanborough, LA 44524",6011808736346909
nrivera@example.org,True,SUITE,0.0,04 Jun 2020,05 Jul 2020,247.1,"01438 Dorothy Bypass
Spencerside, MO 05523",5423068306689782
todd27@example.net,True,SUITE,8.38,15 Jan 2020,12 Jan 2020,216.77,"917 Joshua Ports Suite 466
North Jennifer, SD 24468",345490766227364
huntersabrina@example.org,True,SUITE,20.96,11 May 2020,17 Jun 2020,101.56,"40574 Lisa Circles
Thomastown, SD 42447",4867734004473581
rfrazier@example.net,True,SUITE,,24 May 2020,27 Apr 2020,267.75,"USNV Johnson
FPO AP 48460",30198106071372
gdominguez@example.net,True,SUITE,17.92,28 Nov 2020,05 Dec 2020,212.39,"099 Jimmy Neck
Craigburgh, IA 73790",30073491452828
patriciasullivan@example.com,True,SUITE,24.73,22 Jul 2020,16 May 2020,240.14,"95896 Jordan Village Suite 777
Port Melissamouth, LA 63796",4144926967219
floressheila@example.net,True,SUITE,21.82,19 May 2020,18 May 2020,168.85,"451 King Center
South Brenda, FL 48238",4373367848890749
jenkinstiffany@example.org,True,SUITE,15.77,25 Sep 2020,08 Oct 2020,335.21,"92773 Julie Mills
West Joshuamouth, DE 65486",4274507121269946165
teresaallen@example.com,True,SUITE,20.69,14 Sep 2020,29 Sep 2020,152.87,"62466 Deborah Views Suite 269
Lake Michael, MA 90962",180097857381667
guerrajonathan@example.net,True,SUITE,4.25,23 Feb 2020,18 Feb 2020,286.67,"Unit 5053 Box 7019
DPO AP 60012",3509408597755573
bankssarah@example.net,True,SUITE,14.99,20 Jun 2020,23 Jul 2020,139.32,"11979 Stephen Lights Apt. 639
South Heathermouth, MN 73896",180021250358031
pattersonmary@example.net,True,SUITE,,01 May 2020,11 Apr 2020,318.7,"91709 Elizabeth Crossing Apt. 182
West Shannonfurt, NY 53283",3506172544381593
michael19@example.net,True,SUITE,13.45,29 Dec 2020,24 Dec 2020,90.96,"22222 Watson Fort
New David, IA 49894",2230146226594546
vdickerson@example.org,True,SUITE,11.86,19 Oct 2020,23 Oct 2020,261.71,"01349 Anthony Springs
Gordonfurt, DC 98928",180045407999371
matthew92@example.net,True,SUITE,,04 Nov 2020,24 Nov 2020,111.29,"6800 Christine Spring Suite 286
Henrymouth, NC 98951",571157118985
michael49@example.net,True,SUITE,18.13,17 Jul 2020,23 Aug 2020,245.16,"85860 Tran Stream
New Edwardshire, NE 26331",4819428957708442144
gtaylor@example.com,True,SUITE,6.13,15 Jun 2020,15 Jun 2020,144.68,"8392 Anthony Square
South Nicole, NY 52809",4856529010910462698
yclark@example.com,True,SUITE,0.0,27 Jul 2020,11 Jul 2020,84.16,"8669 Kellie Shore
Rachelside, NM 68725",676187042665
jacquelinedavidson@example.org,True,SUITE,15.94,06 Mar 2020,28 Feb 2020,353.94,"4511 Clay Port Apt. 207
Port Brandon, OK 36435",180015703201103
wharding@example.net,True,SUITE,10.72,20 Nov 2020,20 Nov 2020,113.18,"6827 Eric Summit Apt. 484
East Lisaview, ME 30106",4694824774414
jparsons@example.com,True,SUITE,8.93,21 Feb 2020,28 Feb 2020,268.88,"662 Mack Avenue Suite 067
Ricefort, DC 96091",3513849136168014
dstone@example.net,True,SUITE,22.15,12 Apr 2020,19 May 2020,104.11,"53504 Jessica Landing Apt. 070
Williamfort, ME 10036",3510768041199356
linda72@example.com,True,SUITE,,04 Oct 2020,20 Aug 2020,185.99,"Unit 3598 Box 7106
DPO AP 25654",3564142099212781
tracey16@example.org,True,SUITE,2.37,04 Apr 2020,08 Mar 2020,104.44,"8367 Aaron Trace Suite 702
West Emily, DE 39766",3523581575707758
ascott@example.org,True,SUITE,15.28,07 Apr 2020,17 Feb 2020,150.16,"USNV Smith
FPO AE 12445",3521948387357043
shelby45@example.net,True,SUITE,,15 Feb 2020,30 Jan 2020,188.94,"9713 Andrew Ports
Katrinaville, MO 23103",6011394940905103
johnsonmelanie@example.net,True,SUITE,17.37,14 Dec 2020,04 Dec 2020,210.13,"9371 Robertson Ramp
Jacksonview, TX 94442",3506935683685911
smithnicole@example.org,True,SUITE,7.01,26 Dec 2020,02 Jan 2021,239.79,"186 Mark Rapids Apt. 990
East Heather, ME 16808",3589212313208526
duncancolleen@example.net,True,SUITE,10.59,24 Jul 2020,12 Jun 2020,114.66,"477 Brent Parks Apt. 897
New David, HI 16637",4555028938485555922
kelleyeric@example.com,True,SUITE,20.13,19 Apr 2020,06 May 2020,312.78,"7762 Thomas Radial Apt. 065
South Laura, VT 03291",2231219346493995
greensteven@example.com,True,SUITE,13.83,31 Aug 2020,21 Jul 2020,170.02,"72622 Kaitlyn Shoals Suite 397
Lake Christophermouth, MO 96381",2256057737592227
michaelhood@example.net,True,SUITE,17.18,03 May 2020,22 Apr 2020,184.73,"54290 Gina Trace Apt. 786
Toddmouth, VT 86447",503806350131
frank85@example.org,True,SUITE,1.43,23 May 2020,29 Apr 2020,107.59,"150 Benjamin Trafficway
Pamelastad, WI 55747",4112584850373
davidkoch@example.com,True,SUITE,26.47,27 Apr 2020,24 Apr 2020,288.56,"561 Ryan Greens Apt. 375
Lake Adam, OK 77646",30225055679689
tiffanylopez@example.org,True,SUITE,10.1,25 Apr 2020,05 Mar 2020,166.28,"336 Smith Light Apt. 424
Robertton, AR 45572",3556526562912028
campbellmanuel@example.com,True,SUITE,14.77,25 Oct 2020,08 Dec 2020,282.15,"0212 Natasha Trail Suite 585
New Larry, IA 18294",38062505498861
franklinbenjamin@example.net,True,SUITE,6.51,23 Aug 2020,11 Jul 2020,178.66,"2243 Kenneth Rapids Apt. 857
East Wendychester, TN 28206",343630043360874
holtseth@example.net,True,SUITE,8.58,04 Dec 2020,23 Nov 2020,149.17,"USNS Fischer
FPO AP 05415",4543686889697
gatesdonald@example.net,True,SUITE,5.82,05 Mar 2020,21 Mar 2020,190.66,"180 Allison Lights Apt. 092
West Josephshire, TN 24660",4854818967396
joseph54@example.net,True,SUITE,0.0,27 Jul 2020,08 Sep 2020,249.24,"USNV Ingram
FPO AE 77116",3507529983446634
csoto@example.org,True,SUITE,,13 Oct 2020,21 Oct 2020,159.29,"0632 Jimenez Causeway Apt. 953
East Randyport, TN 04580",567684177692
knguyen@example.com,True,SUITE,0.0,15 Mar 2020,26 Feb 2020,236.62,"Unit 4021 Box 2791
DPO AA 07743",676264462877
zayers@example.com,True,SUITE,0.0,08 Apr 2020,,130.53,"768 Amy Haven
Davidside, LA 95152",4074192445778273322
wluna@example.com,True,SUITE,16.92,15 Aug 2020,04 Oct 2020,168.45,"260 Gonzalez Forest Suite 721
Romanville, WV 10117",676329146580
wisenathan@example.org,True,SUITE,16.72,05 Jul 2020,20 Jun 2020,172.68,"188 Ann Parkways Suite 457
West Elizabeth, MN 78092",3528732772773557
samantha25@example.org,True,SUITE,9.69,20 Jan 2020,19 Jan 2020,255.79,"861 Kane Ranch
South Margaretport, MS 52277",676254069591
jacobswendy@example.net,True,SUITE,10.65,30 Jul 2020,14 May 2020,126.24,"93084 Karen Square
New Davidfort, LA 12709",347826864132626
johnsonjenna@example.com,True,SUITE,24.58,05 Oct 2020,12 Oct 2020,285.13,"941 Hurst Parks
Darrenstad, ME 61149",180071004960756
katherinemoody@example.net,True,SUITE,15.21,12 Apr 2020,20 Mar 2020,204.06,"95702 Ramos Dam
Jamesborough, ND 82308",3503779232384086
johnsonmichael@example.com,True,SUITE,3.52,09 Jan 2020,16 Jan 2020,200.41,"273 Sanchez Fields Apt. 656
Angelashire, NV 75379",213194776937363
rwilson@example.com,True,SUITE,10.33,19 Oct 2020,14 Nov 2020,132.11,"16767 Townsend Spurs Apt. 914
Lake Sherryburgh, CA 58965",2720449674724004
charleskemp@example.net,True,SUITE,,09 Oct 2020,22 Oct 2020,156.37,"74014 Lisa Streets
East Amandachester, SD 44309",6011863902929525
margaret77@example.net,True,SUITE,23.64,22 Jul 2020,29 Jul 2020,238.91,"57786 Russell Spurs
Parkermouth, NY 79154",4494496655923854361
mannann@example.net,True,SUITE,15.3,11 Jan 2020,14 Jan 2020,113.08,"675 Mendez Fort Apt. 064
Millsville, NM 53087",30384552429286
kimberlydixon@example.com,True,SUITE,10.43,23 Oct 2020,28 Oct 2020,185.45,"26637 Andrews Overpass
Zacharystad, NJ 15748",6522697755952651
egraham@example.com,True,SUITE,23.94,08 Jul 2020,14 May 2020,152.75,"990 Warner Drives
New Sharon, KY 36769",2703661554749627
anna66@example.com,True,SUITE,5.06,21 May 2020,12 Jun 2020,169.98,"14908 Taylor Ridge Apt. 954
Jordantown, MO 68554",639093084064
asilva@example.com,True,SUITE,7.4,05 Oct 2020,09 Sep 2020,241.06,"2806 Petty Brooks
Coxmouth, IA 71478",6011636623119620
michaeldavis@example.com,True,SUITE,0.0,16 Dec 2020,04 Dec 2020,132.48,"PSC 0161, Box 9633
APO AA 56440",3575182463113311
scott78@example.org,True,SUITE,11.78,11 Feb 2020,23 Jan 2020,127.79,"481 Corey Divide
Douglaston, IN 81133",4234869123276930345
jeff74@example.org,True,SUITE,15.01,16 Jun 2020,05 May 2020,302.49,"PSC 2183, Box 8111
APO AP 43272",4824062620728
sherrysnow@example.com,True,SUITE,11.32,02 Sep 2020,18 Aug 2020,114.49,"6044 Laura Mountain
West Dennis, DE 61003",3500145814720720
dmills@example.net,True,SUITE,3.82,24 Apr 2020,13 May 2020,177.85,"Unit 9441 Box 2444
DPO AE 33005",2379496096381107
teresa76@example.org,True,SUITE,1.71,02 Apr 2020,08 Mar 2020,121.99,"0475 Kirk Locks Apt. 039
Port Jeffstad, NV 27172",2274479040518426
whitewilliam@example.org,True,SUITE,,14 Dec 2020,30 Nov 2020,145.06,"3138 Tyrone Row
South Gregoryberg, MN 04231",372221552177844
jamesmerritt@example.net,True,SUITE,26.49,29 Jan 2020,15 Feb 2020,93.79,"00022 Manning Wells
Ashleyland, NH 76206",2710340236058779
drakemario@example.net,True,SUITE,2.99,21 Jul 2020,29 Jul 2020,133.47,"059 Sarah Center Apt. 835
Marcusmouth, IL 33999",3582341222999987
katiedavid@example.com,True,SUITE,19.8,09 Sep 2020,13 Aug 2020,133.06,"643 Arnold Mountain
Hartmanmouth, MI 95681",3598032225880710
aanderson@example.net,True,SUITE,19.02,08 Apr 2020,05 Jun 2020,290.97,"0728 Martinez Center
Garnerchester, KY 29614",3527912537016168
markliu@example.com,True,SUITE,17.67,13 Sep 2020,03 Oct 2020,228.26,"83657 Logan Shoals
New Josephbury, VA 46908",2628330236693213
nicoleroman@example.com,True,SUITE,,26 Aug 2020,07 Sep 2020,210.99,"3394 Cortez Forges
New Madison, CT 81515",4675991889785941
aking@example.org,True,SUITE,27.66,14 May 2020,29 Jun 2020,288.6,"69811 Robertson Radial
Amandaton, AL 56159",30256200987073
erinknox@example.org,True,SUITE,2.18,19 Jul 2020,19 Sep 2020,268.36,"8346 Kristen Estate Apt. 571
New Debra, WI 63617",3522932330552206
finleydiane@example.org,True,SUITE,14.69,01 Apr 2020,10 Apr 2020,91.1,"340 Pamela Grove Apt. 536
Leahbury, SD 82657",4525912706824202
victor03@example.net,True,SUITE,15.52,29 May 2020,02 Jun 2020,139.6,"404 Dennis Street Suite 079
Veronicamouth, NH 71019",371363758223955
sheilale@example.net,True,SUITE,22.55,22 Dec 2020,,102.55,"Unit 5822 Box 0801
DPO AE 71775",4794426168399664
denise29@example.net,True,SUITE,3.42,28 Feb 2020,24 Mar 2020,197.14,"398 Parker Roads Apt. 847
Davidport, SD 04387",349958235942413
leejennifer@example.net,True,SUITE,8.24,06 Jun 2020,17 May 2020,198.61,"138 Natasha Flats Suite 345
New Ashleyshire, MS 40295",4213338893363654
jedwards@example.org,True,SUITE,18.37,22 Feb 2020,20 Feb 2020,139.6,"86534 Jones Loaf
North Gregoryfort, CO 38004",570250440304
jessicalambert@example.net,True,SUITE,13.56,11 Jul 2020,20 Jul 2020,143.9,"7701 Rebecca Wall Apt. 293
North Crystal, HI 94160",375359552346881
amber96@example.org,True,SUITE,22.87,14 Aug 2020,24 Jul 2020,192.72,"72961 Maria Lodge Apt. 258
North Christine, VT 43717",4248409092872
brianatkins@example.com,True,SUITE,13.75,21 Jan 2020,15 Jan 2020,318.42,"01228 Shea Trafficway Apt. 521
Mariahbury, AK 55542",676175758694
tgrant@example.net,True,SUITE,25.73,06 Oct 2020,09 Sep 2020,229.48,"009 Mike Islands
Bryantstad, GA 96008",501800719723
smithbailey@example.com,True,SUITE,13.23,18 Jan 2020,20 Jan 2020,226.7,"01932 Hodges Forks
Angelahaven, WA 54497",373476575023495
anthony91@example.com,True,SUITE,2.71,08 Jun 2020,07 Aug 2020,190.31,"230 Estes Vista
New Marietown, GA 78772",30083538335761
edwardsmatthew@example.com,True,SUITE,22.19,21 May 2020,06 Apr 2020,121.03,"34322 Jeffrey Island
West Joshuaberg, OH 62583",4090391564908180
jonathangrant@example.net,True,SUITE,12.36,09 Nov 2020,29 Oct 2020,350.43,"667 Holland Lakes
South Danielle, CO 52672",4868796645683
alexanderlewis@example.net,True,SUITE,19.36,15 Nov 2020,13 Nov 2020,357.54,"3183 Charles Hills
Stevenburgh, WA 13684",4627634977419234
dixonsara@example.com,True,SUITE,26.28,03 May 2020,,181.76,"802 Walker Run Suite 065
East Luisfurt, MD 99378",30218689282210
xlong@example.net,True,SUITE,5.6,29 Dec 2020,,186.69,"422 Turner Path
North Kimberly, DE 12712",6574681284009651
karikaufman@example.net,True,SUITE,31.08,27 Dec 2020,25 Dec 2020,125.23,"18804 Matthew Summit
Port Peter, WY 21858",4396205768605798225
fgreen@example.com,True,SUITE,,28 Nov 2020,16 Nov 2020,93.72,"3849 Alexandra Ways
North Johnny, ID 81955",4348143405115487066
rmiller@example.net,True,SUITE,,12 Aug 2020,15 Oct 2020,230.98,"8943 Ballard Ramp
Vazquezfort, AL 68310",3515849995850411
briansweeney@example.org,True,SUITE,2.93,11 Dec 2020,09 Dec 2020,182.44,"49655 Ellis Landing Apt. 901
Port Laura, DE 77080",3577427245175635
rmyers@example.org,True,SUITE,20.63,28 Jan 2020,11 Feb 2020,191.64,"2200 Yu Heights Suite 693
Port Ryan, NV 81063",4705961909797717
ilyons@example.com,True,SUITE,19.37,05 Dec 2020,08 Dec 2020,230.4,"1768 Mark Burgs Suite 527
Stephaniechester, UT 58357",503822052422
ehernandez@example.org,True,SUITE,,23 May 2020,20 May 2020,186.42,"85055 Russell Pine
East William, NH 31295",30442353746777
cheyenne16@example.net,True,SUITE,0.0,17 Dec 2020,07 Dec 2020,139.79,"37283 Benjamin Key
Ewingfort, HI 04729",4523542409284206
alexis17@example.net,True,SUITE,13.31,25 Dec 2020,26 Dec 2020,256.39,"188 Roberts Wall
Port Derek, AK 50896",3557560271719068
